"","rs","AllCombined_OR","AllCombined_Lower","AllCombined_Upper","AllCombined_Padd","AllCombined_BY_Lower","AllCombined_BY_Upper","increase"
"1","rs8050136",1.17,1.12,1.22,1.3e-12,1.05265443913337,1.3004267584023,1.0659235724609
"2","rs10946398",1.12,1.08,1.16,4.09999999999999e-11,1.02533494384329,1.2234051004817,1.05465956938078
"3","rs5015480",1.13,1.08,1.17,5.70000000000001e-10,1.02357402303748,1.24749160418391,1.06623214032812
"4","rs10811661",1.2,1.14,1.25,7.80000000000002e-15,1.07088457616681,1.3446827343003,1.07574618744024
"5","rs564398",1.12,1.07,1.17,1.2e-07,1.00291980966121,1.25074805374893,1.06901543055464
"6","rs4402960",1.14,1.11,1.18,8.6e-16,1.05701966877439,1.22949462379152,1.04194459643349
"7","rs13266634",1.12,1.07,1.16,5.3e-08,1.0136152440915,1.23755044856721,1.06685383497173
"8","rs7901695",1.37,1.31,1.43,1e-48,1.22936251114578,1.52672623655224,1.06764072486171
"9","rs5215",1.14,1.1,1.19,5.00000000000001e-11,1.03441979516822,1.25635646772272,1.05576173758212
"10","rs1801282",1.14,1.08,1.2,1.7e-10,1.00082353950023,1.29853060875144,1.0821088406262
